Workbook

Sheet Nhân viên
A1: Email | B1: Họ tên | C1: Số điện thoại | D1: Vai trò | E1: Trạng thái | F1: Cửa hàng quản lý | G1: Ngày tạo | H1: Mật khẩu
A2: ngocng@kfcvietnam.com.vn | B2: Nguyễn Gia Ngọc | D2: AM | E2: Hoạt động | F2: {=_xlfn.TEXTJOIN(", ", TRUE, _xlfn._xlws.FILTER(Store!$A$2:$A$255, Store!$F$2:$F$255=B2))} -> 00_HCM CC, 00_HN CC | G2: 46151.747
A3: thulta@kfcvietnam.com.vn | B3: Lê Thị Anh Thư | D3: AM | E3: Hoạt động | F3: {=_xlfn.TEXTJOIN(", ", TRUE, _xlfn._xlws.FILTER(Store!$A$2:$A$255, Store!$F$2:$F$255=B3))} -> 002-BDN, 036-CBH, 071-BMTT, 130-BHA-PVT, 234-BHA-BTN, 300-BHA-PTG, 305-BHA-GTH, 309-BHA-PDP, 312-BHA-GDN, 320-TBM-BMTT | G3: 46151.747
A4: hoanhttk@kfcvietnam.com.vn | B4: Trần Thị Kiều Hoanh | D4: AM | E4: Hoạt động | F4: {=_xlfn.TEXTJOIN(", ", TRUE, _xlfn._xlws.FILTER(Store!$A$2:$A$255, Store!$F$2:$F$255=B4))} -> 005-MCH, 042-HCM-PMH, 113-HCM-CM, 150-HCM-HTP, 218-HCM-ADL, 219-HCM-HTP2, 253-HCM-NDT, 285-HCM-LVL, 288-HCM-NTD, 318-HCM-PVN, 322-HCM-NB | G4: 46151.747
A5: khadd@kfcvietnam.com.vn | B5: Đặng Duy Kha | D5: AM | E5: Hoạt động | F5: {=_xlfn.TEXTJOIN(", ", TRUE, _xlfn._xlws.FILTER(Store!$A$2:$A$255, Store!$F$2:$F$255=B5))} -> 011-LL, 138-HCM-HM, 172-HCM-ELP, 176-HCM-TNT, 177-HCM-TSN, 203-HCM-PHI, 257-HCM-NVC, 291-HCM-LTH | G5: 46151.747
A6: tuelt@kfcvietnam.com.vn | B6: Lê Trọng Tuệ | D6: AM | E6: Hoạt động | F6: {=_xlfn.TEXTJOIN(", ", TRUE, _xlfn._xlws.FILTER(Store!$A$2:$A$255, Store!$F$2:$F$255=B6))} -> 012-PNT, 069-XVNT, 090-EGV, 115-HCM-CP, 202-HCM-CMTT, 233-HCM-TSL, 235-HCM-TMAC, 284-HCM-VBTH, 296-HCM-CPM | G6: 46151.747
A7: thiennv@kfcvietnam.com.vn | B7: Nguyễn Văn Thiện | D7: AM | E7: Hoạt động | F7: {=_xlfn.TEXTJOIN(", ", TRUE, _xlfn._xlws.FILTER(Store!$A$2:$A$255, Store!$F$2:$F$255=B7))} -> 016-LVS, 028-NGT, 048-AC, 051-NS, 141-HCM-ATP, 159-HCM-TL10, 182-HCM-TKTQ, 279-HCM-NVTO, 290-HCM-PML, 326-HCM-HL3 | G7: 46151.747
A8: quanba@kfcvietnam.com.vn | B8: Bùi Anh Quân | D8: AM | E8: Hoạt động | F8: {=_xlfn.TEXTJOIN(", ", TRUE, _xlfn._xlws.FILTER(Store!$A$2:$A$255, Store!$F$2:$F$255=B8))} -> 022-VCT, 119-CTO-BHPU, 158-BTE-SC, 184-CMU-SC, 205-TAN-CTA, 214-CTO-LCT, 221-BLC-NHT, 295-BLU-GBL, 298-CTO-THN, 307-BLU-VTP | G8: 46151.747
A9: huyentv@kfcvietnam.com.vn | B9: Trần Văn Huyên | D9: AM | E9: Hoạt động | F9: {=_xlfn.TEXTJOIN(", ", TRUE, _xlfn._xlws.FILTER(Store!$A$2:$A$255, Store!$F$2:$F$255=B9))} -> 023-BHP, 099-HPTP, 110-HDG-BTHD, 134-HLG-KL, 189-HDG-NT, 201-HPG-AHP, 211-CPA-TP, 263-HPG-LCTN, 265-CLH-BTR, 273-QYN-LCQY, 319-HPG-VYN | G9: 46151.747
A10: hangntt@kfcvietnam.com.vn | B10: Ngô Thị Thúy Hằng | D10: AM | E10: Hoạt động | F10: {=_xlfn.TEXTJOIN(", ", TRUE, _xlfn._xlws.FILTER(Store!$A$2:$A$255, Store!$F$2:$F$255=B10))} -> 024-PBT, 031-VMQ, 065-NVC, 106-HAN-BSVC, 136-HAN-PNT, 140-HAN-RCMM, 204-HAN-VOP, 215-HAN-LTN, 316-HAN-SD, 325-HAN-NXQ | G10: 46151.747
A11: anhdtt@kfcvietnam.com.vn | B11: Đỗ Thị Tuyết Anh | D11: AM | E11: Hoạt động | F11: {=_xlfn.TEXTJOIN(", ", TRUE, _xlfn._xlws.FILTER(Store!$A$2:$A$255, Store!$F$2:$F$255=B11))} -> 025-LTK, 085-BXC, 133-HCM-TN, 162-HCM-PVC, 165-HCM-HHG, 166-HCM-CMCC, 229-HCM-LBH, 289-HCM-CPTH, 308-HCM-VQT, 328-HCM-MGCC | G11: 46151.747
A12: lytb@kfcvietnam.com.vn | B12: Trần Bạch Lý | D12: AM | E12: Hoạt động | F12: {=_xlfn.TEXTJOIN(", ", TRUE, _xlfn._xlws.FILTER(Store!$A$2:$A$255, Store!$F$2:$F$255=B12))} -> 034-NTH, 063-CNAT, 105-HCM-NVG, 156-HCM-NAT, 199-HCM-NAT2, 230-HCM-TQD, 301-HCM-DDN | G12: 46151.747
A13: hienbt@kfcvietnam.com.vn | B13: Bùi Thị Hiền | D13: AM | E13: Hoạt động | F13: {=_xlfn.TEXTJOIN(", ", TRUE, _xlfn._xlws.FILTER(Store!$A$2:$A$255, Store!$F$2:$F$255=B13))} -> 041-CG, 044-BHN, 055-HQV, 104-HAN-NTT, 181-HAN-TDP, 196-HAN-ALB, 223-HAN-TTH, 255-HAN-NVH, 311-HAN-GTL, 324-HAN-HNC | G13: 46151.747
... A29: vandtt@kfcvietnam.com.vn | B29: Đỗ Thị Thùy Vân | D29: AM | E29: Hoạt động | F29: {=_xlfn.TEXTJOIN(", ", TRUE, _xlfn._xlws.FILTER(Store!$A$2:$A$255, Store!$F$2:$F$255=B29))} -> 179-TSN-TSM, 185-NBH-THD, 188-BNH-VLC, 190-LSN-TDN, 207-TNN-DQM, 238-VYN-ML, 267-NBH-LCTD, 268-PYN-LCPY, 271-POY-LCPY | G29: 46151.747

Sheet Define
A1: Cột | B1: Yêu cầu | C1: Mô tả & Giá trị hợp lệ
A2: Email | B2: Bắt buộc | C2: Địa chỉ email công việc (Dùng để đăng nhập). Ví dụ: sm.s001@kfcvietnam.com.vn
A3: Họ tên | B3: Bắt buộc | C3: Tên đầy đủ của nhân viên.
A4: Số điện thoại | B4: Tùy chọn | C4: Số điện thoại liên lạc.
A5: Vai trò | B5: Bắt buộc | C5: Quyền hạn trong hệ thống. Giá trị hợp lệ: ADMIN, RECRUITER, AM, SM.
A6: Trạng thái | B6: Tùy chọn | C6: Trạng thái tài khoản. Giá trị: Hoạt động (mặc định) hoặc Khóa.
A7: Cửa hàng quản lý | B7: Tùy chọn | C7: Mã cửa hàng (ví dụ: S001). Đối với AM có thể nhập nhiều mã cách nhau bằng dấu phẩy.
A8: Mật khẩu | B8: Tùy chọn | C8: Mật khẩu khởi tạo. Nếu bỏ trống sẽ mặc định là kfc@123.

Sheet Store
A1: Mã | B1: Tên cửa hàng | C1: Địa chỉ | D1: Phường/Xã | E1: Tỉnh/Thành | F1: AM | G1: OM | H1: OD | I1: Zone | J1: Area | K1: TA IC | L1: Group
A2: 00_HCM CC | B2: CALL CENTER (HCM) | C2: HCM | E2: Thành phố Hồ Chí Minh | F2: Nguyễn Gia Ngọc | G2: Huỳnh Nhật Linh | H2: Huỳnh Nhật Linh | I2: HCM | L2: OPS - South
A3: 00_HN CC | B3: CALL CENTER (HN) | C3: HN | E3: Thành phố Hà Nội | F3: Nguyễn Gia Ngọc | G3: Huỳnh Nhật Linh | H3: Huỳnh Nhật Linh | I3: HN | L3: OPS - North
A4: 002-BDN | B4: KFC BIG C ĐỒNG NAI | C4: Đồng Nai | E4: Tỉnh Đồng Nai | F4: Lê Thị Anh Thư | G4: Tô Thị Minh Ánh | H4: Nguyễn Thụy Vy | I4: Tỉnh miền nam | L4: OPS_SOUTH
A5: 005-MCH | B5: KFC MAXIMARK CỘNG HÒA | C5: HCM | E5: Thành phố Hồ Chí Minh | F5: Trần Thị Kiều Hoanh | G5: Võ Châu Khanh | H5: Nguyễn Thụy Vy | I5: HCM | L5: OPS - South
A6: 011-LL | B6: KFC LÊ LAI | C6: HCM | E6: Thành phố Hồ Chí Minh | F6: Đặng Duy Kha | G6: Võ Châu Khanh | H6: Nguyễn Thụy Vy | I6: HCM | L6: OPS - South
A7: 012-PNT | B7: KFC PHẠM NGỌC THẠCH | C7: HCM | E7: Thành phố Hồ Chí Minh | F7: Lê Trọng Tuệ | G7: Võ Châu Khanh | H7: Nguyễn Thụy Vy | I7: HCM | L7: OPS - South
A8: 016-LVS | B8: KFC LÊ VĂN SỸ | C8: HCM | E8: Thành phố Hồ Chí Minh | F8: Nguyễn Văn Thiện | G8: Võ Châu Khanh | H8: Nguyễn Thụy Vy | I8: HCM | L8: OPS - South
A9: 022-VCT | B9: KFC VINATEX CẦN THƠ | C9: Cần Thơ | E9: Thành phố Cần Thơ | F9: Bùi Anh Quân | G9: Võ Châu Khanh | H9: Nguyễn Thụy Vy | I9: Tỉnh miền nam | L9: OPS - South
A10: 023-BHP | B10: KFC BIG C HẢI PHÒNG | C10: Hải Phòng | E10: Thành phố Hải Phòng | F10: Trần Văn Huyên | G10: Nguyễn Văn Tuy | H10: Bùi Thế Hưng | I10: Tỉnh miền bắc | L10: OPS - North
A11: 024-PBT | B11: KFC BÀ TRIỆU | C11: HN | E11: Thành phố Hà Nội | F11: Ngô Thị Thúy Hằng | G11: Phạm Thị Lệ Hằng | H11: Bùi Thế Hưng | I11: HN | L11: OPS - North
A12: 025-LTK | B12: KFC LÝ THƯỜNG KIỆT | C12: HCM | E12: Thành phố Hồ Chí Minh | F12: Đỗ Thị Tuyết Anh | G12: Võ Châu Khanh | H12: Nguyễn Thụy Vy | I12: HCM | L12: OPS - South
A13: 028-NGT | B13: KFC NGÔ GIA TỰ | C13: HCM | E13: Thành phố Hồ Chí Minh | F13: Nguyễn Văn Thiện | G13: Võ Châu Khanh | H13: Nguyễn Thụy Vy | I13: HCM | L13: OPS - South
... A255: 330-HCM-NTT2 | B255: KFC ĐƯỜNG NGUYỄN THỊ TÚ 2 - HCMC | C255: HCM | E255: Thành phố Hồ Chí Minh | F255: Trần Quốc Thái | G255: Võ Châu Khanh | H255: Nguyễn Thụy Vy | I255: HCM | L255: OPS - South
